{
"name": "Object Table",
"description": "Example table for object-based application template.",
"data-array": [
"entry": {
  "index": 000,
  "data1":  200,
  "data2":  201,
  "data3":  202
},
"entry": {
  "index": 001,
  "data1":  203,
  "data2":  204,
  "data3":  205
},
"entry": {
  "index": 002,
  "data1":  206,
  "data2":  207,
  "data3":  208
},
"entry": {
  "index": 003,
  "data1":  209,
  "data2":  210,
  "data3":  211
},
"entry": {
  "index": 004,
  "data1":  212,
  "data2":  213,
  "data3":  214
},
"entry": {
  "index": 005,
  "data1":    0,
  "data2":    0,
  "data3":    0
},
"entry": {
  "index": 006,
  "data1":    0,
  "data2":    0,
  "data3":    0
},
"entry": {
  "index": 007,
  "data1":    0,
  "data2":    0,
  "data3":    0
},
"entry": {
  "index": 008,
  "data1":    0,
  "data2":    0,
  "data3":    0
},
"entry": {
  "index": 009,
  "data1":    0,
  "data2":    0,
  "data3":    0
},
"entry": {
  "index": 010,
  "data1":    0,
  "data2":    0,
  "data3":    0
},
"entry": {
  "index": 011,
  "data1":    0,
  "data2":    0,
  "data3":    0
},
"entry": {
  "index": 012,
  "data1":    0,
  "data2":    0,
  "data3":    0
},
"entry": {
  "index": 013,
  "data1":    0,
  "data2":    0,
  "data3":    0
},
"entry": {
  "index": 014,
  "data1":    0,
  "data2":    0,
  "data3":    0
},
"entry": {
  "index": 015,
  "data1":  215,
  "data2":  216,
  "data3":  217
},
"entry": {
  "index": 016,
  "data1":  218,
  "data2":  219,
  "data3":  220
},
"entry": {
  "index": 017,
  "data1":    0,
  "data2":    0,
  "data3":    0
},
"entry": {
  "index": 018,
  "data1":    0,
  "data2":    0,
  "data3":    0
},
"entry": {
  "index": 019,
  "data1":    0,
  "data2":    0,
  "data3":    0
},
"entry": {
  "index": 020,
  "data1":    0,
  "data2":    0,
  "data3":    0
},
"entry": {
  "index": 021,
  "data1":    0,
  "data2":    0,
  "data3":    0
},
"entry": {
  "index": 022,
  "data1":    0,
  "data2":    0,
  "data3":    0
},
"entry": {
  "index": 023,
  "data1":    0,
  "data2":    0,
  "data3":    0
},
"entry": {
  "index": 024,
  "data1":    0,
  "data2":    0,
  "data3":    0
},
"entry": {
  "index": 025,
  "data1":    0,
  "data2":    0,
  "data3":    0
},
"entry": {
  "index": 026,
  "data1":    0,
  "data2":    0,
  "data3":    0
},
"entry": {
  "index": 027,
  "data1":    0,
  "data2":    0,
  "data3":    0
},
"entry": {
  "index": 028,
  "data1":    0,
  "data2":    0,
  "data3":    0
},
"entry": {
  "index": 029,
  "data1":    0,
  "data2":    0,
  "data3":    0
},
"entry": {
  "index": 030,
  "data1":    0,
  "data2":    0,
  "data3":    0
},
"entry": {
  "index": 031,
  "data1":  221,
  "data2":  222,
  "data3":  223
}]
}
