
{
"name": "Kit Scheduler (KIT_SCH) Message Table",
"description": "KIT_SCH table dumped at 1980-012-14:03:50.80256",
"message-array": [
   {"message": {
      "id": 0,
      "stream-id": 2072,
      "seq-seg": 192,
      "length": 256,
      "data-words": "0"
   }},
   {"message": {
      "id": 1,
      "stream-id": 2328,
      "seq-seg": 192,
      "length": 256,
      "data-words": "0"
   }},
   {"message": {
      "id": 2,
      "stream-id": 2840,
      "seq-seg": 192,
      "length": 256,
      "data-words": "0"
   }},
   {"message": {
      "id": 3,
      "stream-id": 3096,
      "seq-seg": 192,
      "length": 256,
      "data-words": "0"
   }},
   {"message": {
      "id": 4,
      "stream-id": 3352,
      "seq-seg": 192,
      "length": 256,
      "data-words": "0"
   }},
   {"message": {
      "id": 5,
      "stream-id": 0,
      "seq-seg": 0,
      "length": 0
   }},
   {"message": {
      "id": 6,
      "stream-id": 0,
      "seq-seg": 0,
      "length": 0
   }},
   {"message": {
      "id": 7,
      "stream-id": 0,
      "seq-seg": 0,
      "length": 0
   }},
   {"message": {
      "id": 8,
      "stream-id": 0,
      "seq-seg": 0,
      "length": 0
   }},
   {"message": {
      "id": 9,
      "stream-id": 0,
      "seq-seg": 0,
      "length": 0
   }},
   {"message": {
      "id": 10,
      "stream-id": 40984,
      "seq-seg": 192,
      "length": 256,
      "data-words": "0"
   }},
   {"message": {
      "id": 11,
      "stream-id": 41240,
      "seq-seg": 192,
      "length": 256,
      "data-words": "0"
   }},
   {"message": {
      "id": 12,
      "stream-id": 48152,
      "seq-seg": 192,
      "length": 256,
      "data-words": "0"
   }},
   {"message": {
      "id": 13,
      "stream-id": 36120,
      "seq-seg": 192,
      "length": 256,
      "data-words": "0"
   }},
   {"message": {
      "id": 14,
      "stream-id": 44824,
      "seq-seg": 192,
      "length": 256,
      "data-words": "0"
   }},
   {"message": {
      "id": 15,
      "stream-id": 45080,
      "seq-seg": 192,
      "length": 256,
      "data-words": "0"
   }},
   {"message": {
      "id": 16,
      "stream-id": 42264,
      "seq-seg": 192,
      "length": 256,
      "data-words": "0"
   }},
   {"message": {
      "id": 17,
      "stream-id": 42520,
      "seq-seg": 192,
      "length": 256,
      "data-words": "0"
   }},
   {"message": {
      "id": 18,
      "stream-id": 37144,
      "seq-seg": 192,
      "length": 256,
      "data-words": "0"
   }},
   {"message": {
      "id": 19,
      "stream-id": 37400,
      "seq-seg": 192,
      "length": 256,
      "data-words": "0"
   }},
   {"message": {
      "id": 20,
      "stream-id": 35096,
      "seq-seg": 192,
      "length": 256,
      "data-words": "0"
   }},
   {"message": {
      "id": 21,
      "stream-id": 43544,
      "seq-seg": 192,
      "length": 256,
      "data-words": "0"
   }},
   {"message": {
      "id": 22,
      "stream-id": 43800,
      "seq-seg": 192,
      "length": 256,
      "data-words": "0"
   }},
   {"message": {
      "id": 23,
      "stream-id": 39704,
      "seq-seg": 192,
      "length": 256,
      "data-words": "0"
   }},
   {"message": {
      "id": 24,
      "stream-id": 39960,
      "seq-seg": 192,
      "length": 768,
      "data-words": "0,2204,0"
   }},
   {"message": {
      "id": 25,
      "stream-id": 39960,
      "seq-seg": 192,
      "length": 768,
      "data-words": "0,2205,0"
   }},
   {"message": {
      "id": 26,
      "stream-id": 46104,
      "seq-seg": 192,
      "length": 256,
      "data-words": "0"
   }},
   {"message": {
      "id": 27,
      "stream-id": 46360,
      "seq-seg": 192,
      "length": 256,
      "data-words": "0"
   }},
   {"message": {
      "id": 28,
      "stream-id": 0,
      "seq-seg": 0,
      "length": 0
   }},
   {"message": {
      "id": 29,
      "stream-id": 0,
      "seq-seg": 0,
      "length": 0
   }},
   {"message": {
      "id": 30,
      "stream-id": 61721,
      "seq-seg": 192,
      "length": 256,
      "data-words": "0"
   }},
   {"message": {
      "id": 31,
      "stream-id": 61977,
      "seq-seg": 192,
      "length": 256,
      "data-words": "0"
   }},
   {"message": {
      "id": 32,
      "stream-id": 47641,
      "seq-seg": 192,
      "length": 256,
      "data-words": "0"
   }},
   {"message": {
      "id": 33,
      "stream-id": 49433,
      "seq-seg": 192,
      "length": 256,
      "data-words": "0"
   }},
   {"message": {
      "id": 34,
      "stream-id": 45593,
      "seq-seg": 192,
      "length": 256,
      "data-words": "0"
   }},
   {"message": {
      "id": 35,
      "stream-id": 45849,
      "seq-seg": 192,
      "length": 256,
      "data-words": "0"
   }},
   {"message": {
      "id": 36,
      "stream-id": 34072,
      "seq-seg": 192,
      "length": 256,
      "data-words": "0"
   }},
   {"message": {
      "id": 37,
      "stream-id": 38424,
      "seq-seg": 192,
      "length": 256,
      "data-words": "0"
   }},
   {"message": {
      "id": 38,
      "stream-id": 33048,
      "seq-seg": 192,
      "length": 256,
      "data-words": "0"
   }},
   {"message": {
      "id": 39,
      "stream-id": 281,
      "seq-seg": 192,
      "length": 256,
      "data-words": "0"
   }},
   {"message": {
      "id": 40,
      "stream-id": 53529,
      "seq-seg": 192,
      "length": 256,
      "data-words": "0"
   }},
   {"message": {
      "id": 41,
      "stream-id": 54041,
      "seq-seg": 192,
      "length": 256,
      "data-words": "0"
   }},
   {"message": {
      "id": 42,
      "stream-id": 0,
      "seq-seg": 0,
      "length": 0
   }},
   {"message": {
      "id": 43,
      "stream-id": 0,
      "seq-seg": 0,
      "length": 0
   }},
   {"message": {
      "id": 44,
      "stream-id": 0,
      "seq-seg": 0,
      "length": 0
   }},
   {"message": {
      "id": 45,
      "stream-id": 0,
      "seq-seg": 0,
      "length": 0
   }},
   {"message": {
      "id": 46,
      "stream-id": 0,
      "seq-seg": 0,
      "length": 0
   }},
   {"message": {
      "id": 47,
      "stream-id": 0,
      "seq-seg": 0,
      "length": 0
   }},
   {"message": {
      "id": 48,
      "stream-id": 0,
      "seq-seg": 0,
      "length": 0
   }},
   {"message": {
      "id": 49,
      "stream-id": 0,
      "seq-seg": 0,
      "length": 0
   }},
   {"message": {
      "id": 50,
      "stream-id": 0,
      "seq-seg": 0,
      "length": 0
   }},
   {"message": {
      "id": 51,
      "stream-id": 0,
      "seq-seg": 0,
      "length": 0
   }},
   {"message": {
      "id": 52,
      "stream-id": 0,
      "seq-seg": 0,
      "length": 0
   }},
   {"message": {
      "id": 53,
      "stream-id": 0,
      "seq-seg": 0,
      "length": 0
   }},
   {"message": {
      "id": 54,
      "stream-id": 0,
      "seq-seg": 0,
      "length": 0
   }},
   {"message": {
      "id": 55,
      "stream-id": 0,
      "seq-seg": 0,
      "length": 0
   }},
   {"message": {
      "id": 56,
      "stream-id": 0,
      "seq-seg": 0,
      "length": 0
   }},
   {"message": {
      "id": 57,
      "stream-id": 0,
      "seq-seg": 0,
      "length": 0
   }},
   {"message": {
      "id": 58,
      "stream-id": 0,
      "seq-seg": 0,
      "length": 0
   }},
   {"message": {
      "id": 59,
      "stream-id": 0,
      "seq-seg": 0,
      "length": 0
   }},
   {"message": {
      "id": 60,
      "stream-id": 0,
      "seq-seg": 0,
      "length": 0
   }},
   {"message": {
      "id": 61,
      "stream-id": 0,
      "seq-seg": 0,
      "length": 0
   }},
   {"message": {
      "id": 62,
      "stream-id": 0,
      "seq-seg": 0,
      "length": 0
   }},
   {"message": {
      "id": 63,
      "stream-id": 0,
      "seq-seg": 0,
      "length": 0
   }},
   {"message": {
      "id": 64,
      "stream-id": 0,
      "seq-seg": 0,
      "length": 0
   }},
   {"message": {
      "id": 65,
      "stream-id": 0,
      "seq-seg": 0,
      "length": 0
   }},
   {"message": {
      "id": 66,
      "stream-id": 0,
      "seq-seg": 0,
      "length": 0
   }},
   {"message": {
      "id": 67,
      "stream-id": 0,
      "seq-seg": 0,
      "length": 0
   }},
   {"message": {
      "id": 68,
      "stream-id": 0,
      "seq-seg": 0,
      "length": 0
   }},
   {"message": {
      "id": 69,
      "stream-id": 0,
      "seq-seg": 0,
      "length": 0
   }},
   {"message": {
      "id": 70,
      "stream-id": 0,
      "seq-seg": 0,
      "length": 0
   }},
   {"message": {
      "id": 71,
      "stream-id": 0,
      "seq-seg": 0,
      "length": 0
   }},
   {"message": {
      "id": 72,
      "stream-id": 0,
      "seq-seg": 0,
      "length": 0
   }},
   {"message": {
      "id": 73,
      "stream-id": 0,
      "seq-seg": 0,
      "length": 0
   }},
   {"message": {
      "id": 74,
      "stream-id": 0,
      "seq-seg": 0,
      "length": 0
   }},
   {"message": {
      "id": 75,
      "stream-id": 0,
      "seq-seg": 0,
      "length": 0
   }},
   {"message": {
      "id": 76,
      "stream-id": 0,
      "seq-seg": 0,
      "length": 0
   }},
   {"message": {
      "id": 77,
      "stream-id": 0,
      "seq-seg": 0,
      "length": 0
   }},
   {"message": {
      "id": 78,
      "stream-id": 0,
      "seq-seg": 0,
      "length": 0
   }},
   {"message": {
      "id": 79,
      "stream-id": 0,
      "seq-seg": 0,
      "length": 0
   }},
   {"message": {
      "id": 80,
      "stream-id": 0,
      "seq-seg": 0,
      "length": 0
   }},
   {"message": {
      "id": 81,
      "stream-id": 0,
      "seq-seg": 0,
      "length": 0
   }},
   {"message": {
      "id": 82,
      "stream-id": 0,
      "seq-seg": 0,
      "length": 0
   }},
   {"message": {
      "id": 83,
      "stream-id": 0,
      "seq-seg": 0,
      "length": 0
   }},
   {"message": {
      "id": 84,
      "stream-id": 0,
      "seq-seg": 0,
      "length": 0
   }},
   {"message": {
      "id": 85,
      "stream-id": 0,
      "seq-seg": 0,
      "length": 0
   }},
   {"message": {
      "id": 86,
      "stream-id": 0,
      "seq-seg": 0,
      "length": 0
   }},
   {"message": {
      "id": 87,
      "stream-id": 0,
      "seq-seg": 0,
      "length": 0
   }},
   {"message": {
      "id": 88,
      "stream-id": 0,
      "seq-seg": 0,
      "length": 0
   }},
   {"message": {
      "id": 89,
      "stream-id": 0,
      "seq-seg": 0,
      "length": 0
   }},
   {"message": {
      "id": 90,
      "stream-id": 0,
      "seq-seg": 0,
      "length": 0
   }},
   {"message": {
      "id": 91,
      "stream-id": 0,
      "seq-seg": 0,
      "length": 0
   }},
   {"message": {
      "id": 92,
      "stream-id": 0,
      "seq-seg": 0,
      "length": 0
   }},
   {"message": {
      "id": 93,
      "stream-id": 0,
      "seq-seg": 0,
      "length": 0
   }},
   {"message": {
      "id": 94,
      "stream-id": 0,
      "seq-seg": 0,
      "length": 0
   }},
   {"message": {
      "id": 95,
      "stream-id": 0,
      "seq-seg": 0,
      "length": 0
   }},
   {"message": {
      "id": 96,
      "stream-id": 0,
      "seq-seg": 0,
      "length": 0
   }},
   {"message": {
      "id": 97,
      "stream-id": 0,
      "seq-seg": 0,
      "length": 0
   }},
   {"message": {
      "id": 98,
      "stream-id": 0,
      "seq-seg": 0,
      "length": 0
   }},
   {"message": {
      "id": 99,
      "stream-id": 0,
      "seq-seg": 0,
      "length": 0
   }},
   {"message": {
      "id": 100,
      "stream-id": 537,
      "seq-seg": 192,
      "length": 256,
      "data-words": "0"
   }},
   {"message": {
      "id": 101,
      "stream-id": 65303,
      "seq-seg": 192,
      "length": 1792,
      "data-words": "1,2,3,4,5,6,0"
   }},
   {"message": {
      "id": 102,
      "stream-id": 0,
      "seq-seg": 0,
      "length": 0
   }},
   {"message": {
      "id": 103,
      "stream-id": 0,
      "seq-seg": 0,
      "length": 0
   }},
   {"message": {
      "id": 104,
      "stream-id": 0,
      "seq-seg": 0,
      "length": 0
   }},
   {"message": {
      "id": 105,
      "stream-id": 0,
      "seq-seg": 0,
      "length": 0
   }},
   {"message": {
      "id": 106,
      "stream-id": 0,
      "seq-seg": 0,
      "length": 0
   }},
   {"message": {
      "id": 107,
      "stream-id": 0,
      "seq-seg": 0,
      "length": 0
   }},
   {"message": {
      "id": 108,
      "stream-id": 0,
      "seq-seg": 0,
      "length": 0
   }},
   {"message": {
      "id": 109,
      "stream-id": 0,
      "seq-seg": 0,
      "length": 0
   }},
   {"message": {
      "id": 110,
      "stream-id": 0,
      "seq-seg": 0,
      "length": 0
   }},
   {"message": {
      "id": 111,
      "stream-id": 0,
      "seq-seg": 0,
      "length": 0
   }},
   {"message": {
      "id": 112,
      "stream-id": 0,
      "seq-seg": 0,
      "length": 0
   }},
   {"message": {
      "id": 113,
      "stream-id": 0,
      "seq-seg": 0,
      "length": 0
   }},
   {"message": {
      "id": 114,
      "stream-id": 0,
      "seq-seg": 0,
      "length": 0
   }},
   {"message": {
      "id": 115,
      "stream-id": 0,
      "seq-seg": 0,
      "length": 0
   }},
   {"message": {
      "id": 116,
      "stream-id": 0,
      "seq-seg": 0,
      "length": 0
   }},
   {"message": {
      "id": 117,
      "stream-id": 0,
      "seq-seg": 0,
      "length": 0
   }},
   {"message": {
      "id": 118,
      "stream-id": 0,
      "seq-seg": 0,
      "length": 0
   }},
   {"message": {
      "id": 119,
      "stream-id": 0,
      "seq-seg": 0,
      "length": 0
   }},
   {"message": {
      "id": 120,
      "stream-id": 0,
      "seq-seg": 0,
      "length": 0
   }},
   {"message": {
      "id": 121,
      "stream-id": 0,
      "seq-seg": 0,
      "length": 0
   }},
   {"message": {
      "id": 122,
      "stream-id": 0,
      "seq-seg": 0,
      "length": 0
   }},
   {"message": {
      "id": 123,
      "stream-id": 0,
      "seq-seg": 0,
      "length": 0
   }},
   {"message": {
      "id": 124,
      "stream-id": 0,
      "seq-seg": 0,
      "length": 0
   }},
   {"message": {
      "id": 125,
      "stream-id": 0,
      "seq-seg": 0,
      "length": 0
   }},
   {"message": {
      "id": 126,
      "stream-id": 0,
      "seq-seg": 0,
      "length": 0
   }},
   {"message": {
      "id": 127,
      "stream-id": 0,
      "seq-seg": 0,
      "length": 0
   }},
   {"message": {
      "id": 128,
      "stream-id": 0,
      "seq-seg": 0,
      "length": 0
   }},
   {"message": {
      "id": 129,
      "stream-id": 0,
      "seq-seg": 0,
      "length": 0
   }},
   {"message": {
      "id": 130,
      "stream-id": 0,
      "seq-seg": 0,
      "length": 0
   }},
   {"message": {
      "id": 131,
      "stream-id": 0,
      "seq-seg": 0,
      "length": 0
   }},
   {"message": {
      "id": 132,
      "stream-id": 0,
      "seq-seg": 0,
      "length": 0
   }},
   {"message": {
      "id": 133,
      "stream-id": 0,
      "seq-seg": 0,
      "length": 0
   }},
   {"message": {
      "id": 134,
      "stream-id": 0,
      "seq-seg": 0,
      "length": 0
   }},
   {"message": {
      "id": 135,
      "stream-id": 0,
      "seq-seg": 0,
      "length": 0
   }},
   {"message": {
      "id": 136,
      "stream-id": 0,
      "seq-seg": 0,
      "length": 0
   }},
   {"message": {
      "id": 137,
      "stream-id": 0,
      "seq-seg": 0,
      "length": 0
   }},
   {"message": {
      "id": 138,
      "stream-id": 0,
      "seq-seg": 0,
      "length": 0
   }},
   {"message": {
      "id": 139,
      "stream-id": 0,
      "seq-seg": 0,
      "length": 0
   }},
   {"message": {
      "id": 140,
      "stream-id": 0,
      "seq-seg": 0,
      "length": 0
   }},
   {"message": {
      "id": 141,
      "stream-id": 0,
      "seq-seg": 0,
      "length": 0
   }},
   {"message": {
      "id": 142,
      "stream-id": 0,
      "seq-seg": 0,
      "length": 0
   }},
   {"message": {
      "id": 143,
      "stream-id": 0,
      "seq-seg": 0,
      "length": 0
   }},
   {"message": {
      "id": 144,
      "stream-id": 0,
      "seq-seg": 0,
      "length": 0
   }},
   {"message": {
      "id": 145,
      "stream-id": 0,
      "seq-seg": 0,
      "length": 0
   }},
   {"message": {
      "id": 146,
      "stream-id": 0,
      "seq-seg": 0,
      "length": 0
   }},
   {"message": {
      "id": 147,
      "stream-id": 0,
      "seq-seg": 0,
      "length": 0
   }},
   {"message": {
      "id": 148,
      "stream-id": 0,
      "seq-seg": 0,
      "length": 0
   }},
   {"message": {
      "id": 149,
      "stream-id": 0,
      "seq-seg": 0,
      "length": 0
   }},
   {"message": {
      "id": 150,
      "stream-id": 0,
      "seq-seg": 0,
      "length": 0
   }},
   {"message": {
      "id": 151,
      "stream-id": 0,
      "seq-seg": 0,
      "length": 0
   }},
   {"message": {
      "id": 152,
      "stream-id": 0,
      "seq-seg": 0,
      "length": 0
   }},
   {"message": {
      "id": 153,
      "stream-id": 0,
      "seq-seg": 0,
      "length": 0
   }},
   {"message": {
      "id": 154,
      "stream-id": 0,
      "seq-seg": 0,
      "length": 0
   }},
   {"message": {
      "id": 155,
      "stream-id": 0,
      "seq-seg": 0,
      "length": 0
   }},
   {"message": {
      "id": 156,
      "stream-id": 0,
      "seq-seg": 0,
      "length": 0
   }},
   {"message": {
      "id": 157,
      "stream-id": 0,
      "seq-seg": 0,
      "length": 0
   }},
   {"message": {
      "id": 158,
      "stream-id": 0,
      "seq-seg": 0,
      "length": 0
   }},
   {"message": {
      "id": 159,
      "stream-id": 0,
      "seq-seg": 0,
      "length": 0
   }},
   {"message": {
      "id": 160,
      "stream-id": 0,
      "seq-seg": 0,
      "length": 0
   }},
   {"message": {
      "id": 161,
      "stream-id": 0,
      "seq-seg": 0,
      "length": 0
   }},
   {"message": {
      "id": 162,
      "stream-id": 0,
      "seq-seg": 0,
      "length": 0
   }},
   {"message": {
      "id": 163,
      "stream-id": 0,
      "seq-seg": 0,
      "length": 0
   }},
   {"message": {
      "id": 164,
      "stream-id": 0,
      "seq-seg": 0,
      "length": 0
   }},
   {"message": {
      "id": 165,
      "stream-id": 0,
      "seq-seg": 0,
      "length": 0
   }},
   {"message": {
      "id": 166,
      "stream-id": 0,
      "seq-seg": 0,
      "length": 0
   }},
   {"message": {
      "id": 167,
      "stream-id": 0,
      "seq-seg": 0,
      "length": 0
   }},
   {"message": {
      "id": 168,
      "stream-id": 0,
      "seq-seg": 0,
      "length": 0
   }},
   {"message": {
      "id": 169,
      "stream-id": 0,
      "seq-seg": 0,
      "length": 0
   }},
   {"message": {
      "id": 170,
      "stream-id": 0,
      "seq-seg": 0,
      "length": 0
   }},
   {"message": {
      "id": 171,
      "stream-id": 0,
      "seq-seg": 0,
      "length": 0
   }},
   {"message": {
      "id": 172,
      "stream-id": 0,
      "seq-seg": 0,
      "length": 0
   }},
   {"message": {
      "id": 173,
      "stream-id": 0,
      "seq-seg": 0,
      "length": 0
   }},
   {"message": {
      "id": 174,
      "stream-id": 0,
      "seq-seg": 0,
      "length": 0
   }},
   {"message": {
      "id": 175,
      "stream-id": 0,
      "seq-seg": 0,
      "length": 0
   }},
   {"message": {
      "id": 176,
      "stream-id": 0,
      "seq-seg": 0,
      "length": 0
   }},
   {"message": {
      "id": 177,
      "stream-id": 0,
      "seq-seg": 0,
      "length": 0
   }},
   {"message": {
      "id": 178,
      "stream-id": 0,
      "seq-seg": 0,
      "length": 0
   }},
   {"message": {
      "id": 179,
      "stream-id": 0,
      "seq-seg": 0,
      "length": 0
   }},
   {"message": {
      "id": 180,
      "stream-id": 0,
      "seq-seg": 0,
      "length": 0
   }},
   {"message": {
      "id": 181,
      "stream-id": 0,
      "seq-seg": 0,
      "length": 0
   }},
   {"message": {
      "id": 182,
      "stream-id": 0,
      "seq-seg": 0,
      "length": 0
   }},
   {"message": {
      "id": 183,
      "stream-id": 0,
      "seq-seg": 0,
      "length": 0
   }},
   {"message": {
      "id": 184,
      "stream-id": 0,
      "seq-seg": 0,
      "length": 0
   }},
   {"message": {
      "id": 185,
      "stream-id": 0,
      "seq-seg": 0,
      "length": 0
   }},
   {"message": {
      "id": 186,
      "stream-id": 0,
      "seq-seg": 0,
      "length": 0
   }},
   {"message": {
      "id": 187,
      "stream-id": 0,
      "seq-seg": 0,
      "length": 0
   }},
   {"message": {
      "id": 188,
      "stream-id": 0,
      "seq-seg": 0,
      "length": 0
   }},
   {"message": {
      "id": 189,
      "stream-id": 0,
      "seq-seg": 0,
      "length": 0
   }},
   {"message": {
      "id": 190,
      "stream-id": 0,
      "seq-seg": 0,
      "length": 0
   }},
   {"message": {
      "id": 191,
      "stream-id": 0,
      "seq-seg": 0,
      "length": 0
   }},
   {"message": {
      "id": 192,
      "stream-id": 0,
      "seq-seg": 0,
      "length": 0
   }},
   {"message": {
      "id": 193,
      "stream-id": 0,
      "seq-seg": 0,
      "length": 0
   }},
   {"message": {
      "id": 194,
      "stream-id": 0,
      "seq-seg": 0,
      "length": 0
   }},
   {"message": {
      "id": 195,
      "stream-id": 0,
      "seq-seg": 0,
      "length": 0
   }},
   {"message": {
      "id": 196,
      "stream-id": 0,
      "seq-seg": 0,
      "length": 0
   }},
   {"message": {
      "id": 197,
      "stream-id": 0,
      "seq-seg": 0,
      "length": 0
   }},
   {"message": {
      "id": 198,
      "stream-id": 0,
      "seq-seg": 0,
      "length": 0
   }},
   {"message": {
      "id": 199,
      "stream-id": 0,
      "seq-seg": 0,
      "length": 0
   }}
]}
